Sl. No.,District,AREA,PRODN.,PTY.
1,Ariyalur,112,2258,20.16
2,Coimbatore,9,181,20.16
3,Cuddalore,142,2863,20.16
4,Dharmapuri,11,222,20.16
5,Dindigul,19,383,20.16
6,Erode,121,2439,20.16
7,Kancheepuram,67,1351,20.16
8,Kanyakumari,2,40,20.16
9,Karur,4,81,20.16
10,Krishnagiri,4,81,20.16
11,Madurai,4,81,20.16
12,Nagapattinam,340,6854,20.16
13,Namakkal,9,181,20.16
14,Perambalur,21,423,20.16
15,Pudukkottai,3,60,20.16
16,Ramanadhapuram,NA,NA,NA
17,Salem,52,1048,20.16
18,Sivagangai,3,60,20.16
19,Thanjavur,102,2056,20.16
20,Theni,11,222,20.16
21,The Nilgiris,NA,NA,NA
22,Tiruvallur,26,524,20.16
23,Thiruvarur,19,383,20.16
24,Tiruvannamalai,75,1512,20.16
25,Thoothukudi,33,665,20.16
26,Tirupur,7,141,20.16
27,Trichy,52,1048,20.16
28,Tirunelveli,56,1129,20.16
29,Vellore,26,524,20.16
30,Villupuram,30,605,20.16
31,Virudhunagar,10,202,20.16
Total,State Total,1370,27619,20.16
